PC1,PC2,PC3,Cluster
0.8106298779750583,-1.4266258580516022,-1.0975500172498822,0
-0.4397353063805413,-1.314176264415558,3.4675405680421587,1
0.4600458285069615,0.667746447795946,-1.7172165734547569,0
-1.8224104986024057,0.4302438111801557,-0.2323572622111246,1
0.3779931473410476,-1.5321245722020265,-0.1738129109947372,1
-0.4079508128767614,1.1223756648377712,2.7433683763691836,1
0.1628331793124175,-2.655152247441882,-0.8286980245086457,1
-0.8709648723834992,-1.708696189460853,-1.7094384755689311,1
-0.07675821783412165,-2.9390829667654947,3.0150620333238387,1
-1.5772416358178947,-1.1296891532043027,-0.6766327360060986,1
-1.927088879419765,1.9127861169103975,0.5114921149243179,1
2.47575763530896,2.5650377858036797,1.0622075887807774,0
0.05454758256425016,-0.21543344285341948,-0.8928417810958071,1
-0.26723801530906116,2.5988204224978335,-1.5734304279154674,1
-1.7705856648338079,3.0245765730420304,-2.4938591583458285,1
0.7557667797955989,2.3303327985790876,-0.5240174601791634,0
1.7624626587810135,-1.0552645695976315,-1.4350091345441662,0
0.25916313198639573,-1.2753352912724183,-0.36025824443007565,1
-2.990959295798137,-0.3957501514772946,-0.4601116933681921,1
-1.4706060378409642,-1.01633351214884,-0.18871855851048333,1
4.413209993769081,2.001539920163065,-0.20274231484782096,0
3.0282218368647253,-1.7422281360214993,0.7293424565255344,0
0.9102523926076336,-0.5357719352355026,-0.6665688931827926,0
-0.2571060765486808,2.399234533759023,0.8576512785860082,1
0.1896642266362692,-0.2779895332701134,-1.2838612320246967,1
-0.7377086679989182,-1.8247818303991814,0.461567671902777,1
-1.1055624409330775,-1.3710534199369022,-1.5092631836078565,1
2.416206381292109,-0.3572417075916698,-0.8425568218644779,0
-0.7885538900787018,0.8140739017927208,-0.6884904864714239,1
1.7071903900525864,0.9152157972512308,2.6832824856729047,0
-2.522572327533915,2.53233620104979,1.8090995459083479,1
0.1564697361542436,-0.495083508121947,2.709464106755646,1
3.270732432543543,-0.12844932864251074,-0.024414218979820716,0
-1.6557291856612633,-2.8682276736767345,0.9939718882868896,1
-0.43464792329941,3.7981645074427157,-0.7441665542099871,1
-2.1284046861010273,-1.5667950658198502,-1.8521808343659774,1
-3.189616218287632,-0.8096485232313413,0.6293340085794787,1
1.3484543344895354,1.3525861192116346,0.7967601087979961,0
-0.41231725307491873,1.2128705551216945,1.2658339170773807,1
2.557436793558196,-1.0088787628100973,-0.9237380749215343,0
2.2306552741491807,-0.31907420582471185,-1.6139480196802942,0
-1.2244568445992539,0.0808980654176532,1.4016789067937354,1
-1.4033524556576862,-0.15095827679467852,-1.3381583201015206,1
0.4919968840273202,-0.9774574087632519,-1.3866495897940903,0
0.02258427733752218,3.9216230321738013,1.5786568209703782,1
-0.8201594347280111,-0.6730830993710389,0.700527889115387,1
3.3916032257161466,-0.07105476945905162,1.5396557094165289,0
-0.3063017754077317,-0.2446920166961905,0.4133469498440333,1
-1.219894306336071,-0.5445890438124916,-1.3075658209359913,1
-0.18109595995416353,0.8132936973744079,1.070411205005544,1
-1.7673358161188932,-0.3953558011969951,-0.6438489844494578,1
2.8182539953154846,0.0874350843722176,1.5021373916252434,0
-0.5556537207978923,-1.4816757378233651,-1.7977819442978524,1
-0.6387327804904114,0.7754257093576175,0.7001063237891729,1
-0.07813784908833626,-0.06508525055017107,-0.6940045901427522,1
2.609755619619296,0.4758833523271904,-2.296322009805228,0
2.2098850145594424,-1.2816899491165825,0.7632206308102695,0
-1.6946713418419594,0.3551459491599046,0.09887809544247529,1
-0.11133058511449798,-1.050800665054523,-0.8104138447492736,1
-0.31893916487673724,-4.055993010439657,2.5863390322881212,1
0.1347759475416913,-1.1589840698132414,-0.32674556040788766,1
1.5028656956817195,3.2405964242139595,-2.2754649164587155,0
-0.7349073982753347,0.0892866365340904,-1.0554555803138153,1
0.36742754941092765,-2.1805879254673886,-0.10151277969386183,1
1.6631817709945225,-0.03341834536104071,-2.8670163265344364,0
-0.5266308065063922,1.3401657417770558,-0.3983019977322398,1
3.175518455920102,-1.7204171308810297,-1.3536528586554364,0
0.9516638082859321,-1.1876689597952725,-0.5698465586813638,0
1.7793348268735625,0.3514622201834028,-1.3895756770073289,0
0.24391687370519277,1.1218570106948247,0.9477488206044705,1
0.32598107190533904,0.453249087817205,-2.706023174280926,0
1.6094376097102812,-2.382361267763165,0.4241896575971627,0
-0.9912513579958977,0.136947249965947,-2.052769219348555,1
1.2562034785240714,0.8819936118931135,1.1561847337084146,0
0.1837553268903685,0.9207574967119858,-0.7475452558592491,1
-0.018142003103422046,2.269694136085207,3.096197705397522,1
1.0059180209549223,0.171707297474009,0.30464834941710184,0
-0.2849650791725307,-2.1824995350239806,0.43412367310792926,1
-2.181804748985865,1.7804289592490403,-2.9022495672054056,1
0.6834141632854303,-0.9475600593931415,-0.0025704201678469142,0
0.536884643161884,-0.5585505439447354,-1.0412874649799158,0
2.2582086193426454,3.997446093076148,-1.8866462461482292,0
4.858405633943555,-2.3791333072949175,-2.196318227562382,0
-2.997421360486162,-0.6927799662853679,-1.1486391637035533,1
-0.12133175049132847,-0.8563033450368648,0.03770488397032402,1
-0.3214955402163111,0.8645953047922624,-1.3351934051124517,1
-0.15756552999554466,2.0937346222538866,-3.533233410602307,1
-0.6686886188644905,-0.0874780513822164,-1.397488595168123,1
2.732884689540963,2.887881607525056,1.1778409901423716,0
6.20747546563101,-0.30922173175012674,-1.8748322010715377,0
-2.658795420225494,0.665640184467118,-0.4222467669159686,1
0.8158191057289221,-0.5534168928180763,0.9551250761460802,0
-0.5938280709171272,2.7950306014571327,1.0817385323549542,1
-0.3581035640997771,-1.7991376556547096,-0.6264712790195948,1
0.6710745918353505,2.1894018189065934,-2.9488423011739986,0
-1.3623472201759028,2.674199400665276,1.8829038464380468,1
2.490682518290722,-3.5218463729507183,-0.23534682245996372,0
-2.2353081664154457,1.5083724381741785,0.2627535472099452,1
0.8130784572399262,-0.8438145474078234,-0.06626054500341902,0
-2.053417344030793,1.5953979039832293,1.4695205300779812,1
-0.8698316060796476,-2.9592865536925874,-0.15771025836462707,1
-1.12014206237739,-2.695570682232262,4.506851658343306,1
-1.86933720334621,-0.6987346420555927,0.6407440942382735,1
-1.933935366058653,0.0008641779539187919,-1.456267817977752,1
-0.536065760063323,1.5218338459830534,-1.9588795757568265,1
-0.36622002728539116,-0.1166683386322861,0.4443167158976887,1
-2.9026580138395595,1.9375350268847753,-1.097726112581219,1
1.0855241598352512,-1.144599714052931,-0.897747695306569,0
-1.3130040566710104,-0.6592483791042596,0.9348358975363672,1
0.11236804307466877,-0.3504334338345651,-0.6695733854219963,1
1.1274332693774285,0.030172871082391004,0.9521801216241116,0
8.399361448468701,-3.2148772400069454,0.7527418111587547,0
-1.00557891973791,0.4635616101249269,-0.3145458320675884,1
-0.3970806819742825,-1.2657603606889785,1.397677164836643,1
1.0469408550284633,0.718276977074569,0.6315571511319059,0
2.484857448106226,1.6898810416655718,-1.69657444519226,0
-1.544422460684482,-0.01047624263795532,-0.5108335251189814,1
-1.0361159031199327,1.3618818210583152,-1.8546083935833688,1
-1.7451326214712426,0.20425569139248412,1.8192790835519754,1
-3.728042447160217,-1.393700435842799,1.7715768615583556,1
1.363176519317245,0.3415782662999358,-0.9591386703405917,0
-0.9090867960896482,-0.6789107553962446,1.5978450292639108,1
0.014629596546186705,0.4183320975975813,-0.4503347565696921,1
2.0492707206047807,2.1772907949826648,0.9645564895072706,0
2.9673973879980915,-0.8115913332985956,1.7474148233414994,0
-0.6275205748011425,-0.5393928301005451,-0.6055491031704446,1
0.19539844712284565,0.7723370833139683,2.430291810473021,1
1.4876402981222352,2.3217138527965755,0.656535459906681,0
-2.6728312947869517,-0.487018677421313,0.3738010072134635,1
0.2542768664096369,2.5393830812682894,1.538883694161261,0
-1.3338229648770974,-3.3532946387836655,-0.8523498027110537,1
-1.6343472132333354,1.5698663499949435,-0.34468985973896604,1
1.1036092029682187,-0.22623211933252474,-0.9409571875078009,0
-0.07836636768495057,1.7549996375589814,0.30994955246550715,1
0.4892058154739636,-0.719557699275922,0.019079833210579256,0
-0.9403570831116631,-0.2983349549510058,0.1283418482979386,1
-1.027532346520645,-1.4213495723161778,0.26125523784316096,1
0.7139918268677323,-0.276792086820933,-1.2001803511470313,0
-1.8479352061598524,0.7343658520772076,0.21991164456291148,1
-1.3279687048427726,0.23778043407089444,-1.9147371959570711,1
-2.2980096221121924,0.2762410657408027,1.4936801756382956,1
-2.252241752769758,-0.28708692966066707,0.9203240615351101,1
-0.5134094239901982,-3.160880620426743,-0.31938339612819416,1
4.835511654457115,2.490998929633767,-1.111137211688752,0
1.5729689988613251,-0.5297266113711929,-1.399263700669524,0
2.1838271043932003,-0.7932093849875937,0.3826126810266408,0
-1.8761825874514373,-2.4239311400819408,-1.3854870398321708,1
-1.0412464322665347,-0.10772033022789913,-1.3757403617683455,1
-0.11620515448792282,1.4165578004375998,-0.8813150313794839,1
1.7064495840178018,1.4504986858734719,1.17092504489209,0
3.4277739274231984,1.0860600380467997,1.5951880139427623,0
-0.8918387124720609,-0.5352266638189781,1.3045966646283833,1
-1.6232680724648678,-1.2727072703480455,-0.8268888157443075,1
-1.7674972059749494,2.005654132965133,-1.3699396318853132,1
-1.8889545733342665,-1.5663701358065212,-2.6550959299632324,1
-0.48676945558462725,-0.5471893390601739,0.2857346430867644,1
-0.20226200692718893,2.661817461702421,-1.1552145514616565,1
-1.724489949117556,-1.4846617172744474,-1.6453124875291698,1
0.8346138767483795,-0.4955236582144714,0.6330436571378858,0
2.1200109809293286,0.7907112910985936,-2.0838327203635307,0
2.514740140593092,0.05368647059945288,0.8450321864872099,0
-2.3073103643053523,1.638190113718433,-0.3767820203986845,1
4.782124593341558,1.4611835247616487,1.8443629027560473,0
-2.3450552429882654,0.5364472222816248,3.1760194912647983,1
-0.47377628104009945,-0.4356761484372938,-0.05027300502260649,1
0.4827952658395386,-1.9429966370267615,2.292947559409801,1
-1.4897779385235161,-1.7124360601481297,-0.30133353195443807,1
1.0676081994807483,4.685886166876753,-1.013563417101409,0
-1.907322257360756,0.502256138540349,-0.15735302857069394,1
-0.36683527621406953,-1.2696548372455456,-1.8447048952970537,1
-1.3646618963957957,3.1489217523641675,-2.4348101746423962,1
-0.9697435380593314,0.23993148225877514,-1.0666342987687236,1
-0.9702031841676151,0.5644347430850649,-2.509037316778701,1
1.0635479669922967,-0.8292592978938268,-0.6273861707839776,0
0.1929314645252686,-2.0933611250261306,1.0181810728077911,1
0.3578726215114833,-0.044649306743227236,-1.6006149997146402,0
-1.5173458043946617,1.1306318939574092,0.5187400424692659,1
0.25607095713024,-1.706150490715451,-1.2151956528155308,1
-1.4659942513122188,1.6967131534990132,1.3914389951600732,1
-1.3223407049147702,-0.5020380481393376,-0.09718040950503104,1
-0.4460385239082479,-0.5536674550733731,0.23463711510719884,1
-1.3242105808599105,0.5282842269848014,-0.6692073638858472,1
-1.4599770457120158,-0.968739700244567,-1.7790818591358115,1
-1.7336764068727963,-0.32310331927792024,0.2371564977209882,1
0.6581532937084664,0.2514460954871613,-2.997929335950678,0
-2.6705770348321205,2.193124134141333,-0.25915599972935416,1
0.4892063169346026,0.48040125609474643,2.9396453604572446,0
-0.017332984928472385,1.2500512380971016,2.522175554415275,1
1.1231041547038456,-0.8844461721840862,0.13028770153001742,0
0.7564426255002826,-0.16830026290357963,-1.584970946494156,0
-1.6910127220438533,-3.455841657460442,0.7834923415184358,1
-3.371109159654845,0.7871922958170839,1.704376611497831,1
-0.1562474226117002,-0.19458519157890009,-1.0299655793607252,1
2.233973138813264,0.3357107175564769,-0.016755111963477405,0
1.045738210527451,-4.914971368008796,-0.2506214493700691,0
-3.564647458725343,-0.1975241224909881,2.74696299298138,1
1.9358362337147834,-0.925383072205265,0.8679278598567801,0
-0.10169238925698645,0.900005217873184,2.0685859358312553,1
-3.044148104336917,-1.1616805195749345,-0.37294374910838374,1
1.6439748985273697,-0.6691484968990858,-0.4958246645709404,0
-0.5488069913307628,-1.5955931710382387,-1.1790562306504133,1
-1.2604122369982247,0.03446725592780258,0.37543488718640144,1
3.620998390684914,0.906520568814717,-1.047315996999433,0
-0.44111847843215196,-4.737997876838976,1.5963259255717352,1
-0.6790007808826568,-1.172515878263526,1.619981984177576,1
-0.9490188626479962,0.9748044253095277,0.7509861819646768,1
-1.4809863046524332,0.7002070184219411,-2.7258938892586033,1
2.0913859217973068,-2.2963414061050202,-2.897386004434917,0
2.133903490523919,0.23664156501109168,-1.2238965839924778,0
1.3508503536183862,-1.4434329032704214,2.354610231987421,0
-1.3149434542249019,0.36731265024507004,1.0633276568305767,1
-1.1483457565692063,2.084231856301525,0.1896241968586505,1
1.4851015255964026,-1.4554741291749218,1.6290808477468237,0
-0.8905672177613944,0.4048605424710878,1.5703854735958185,1
-1.648042026406107,-0.7042989550164727,-1.1945165499142114,1
1.3928869316894361,3.124058931610181,1.0217264253062215,0
1.4931792529280927,3.392659521881521,2.913837125572931,0
0.5880123335312477,0.2854585740996148,3.5438326847418877,0
-2.423643725665203,-1.666448489881282,-0.3849208822468871,1
2.228489574937379,0.9849670332421333,-1.8000594695685983,0
-0.9015845027543653,-0.8871064306026831,1.4360463448491598,1
-0.6905678323371147,0.8984854311821124,2.1118049753464367,1
0.42582043323007024,-0.12789830936383229,-1.5578151051246543,0
-2.7676126314800644,-1.6037794620398014,-1.8746622552686045,1
0.8862821044452851,1.8089085042271136,-2.8521686479670323,0
-1.328558081928384,-0.7539045567088626,-0.04793125500971302,1
-1.4400351986361943,0.7448201262564074,1.0440115928494842,1
-1.704798403556867,0.416433098308026,-0.7603593961206137,1
-1.8268915083050687,0.427514380187068,0.6015392926478025,1
3.1286443495112897,-1.8166407625932184,0.6422595229155708,0
3.400843994544797,2.0612681770896915,0.09655509445596042,0
1.8620618514322962,-0.7315307986837413,0.12068908674959665,0
-0.3661591074683552,1.250708524021941,-1.5870316834576768,1
0.6446660068977106,-2.776044967680844,1.4643261982035147,0
2.3349902400772096,-0.21672839682958778,-2.752278698632351,0
0.009990492973128897,-2.3789950612354986,1.504069976553044,1
1.1570223919669114,0.06177560474559804,0.6543558563705462,0
-1.1288078574344949,1.4876592862730873,-0.8016936004307312,1
-0.8489923094334585,-0.9624637146167951,-0.0894720699707188,1
-1.0856467920751043,-1.8961399662032516,1.4172597634900146,1
-2.202620304411434,-0.6782891139362685,-0.5090926876511791,1
-0.566406538129563,0.8309454043790266,-0.6480776515728905,1
0.56970167306716,-0.06598857109682336,3.3915464433962104,0
-1.2060564095788289,-1.4471385876720761,1.2115765329392245,1
1.1265532702131786,0.011309152522130056,0.7152311475247177,0
2.7273795807714767,-0.8055949515892459,0.7144281671086034,0
5.252992589150624,-0.9303038005512616,1.2458253079392856,0
-0.17417923440877162,0.3877375338975473,0.9327797205420355,1
-0.17230114747993763,-0.1739821955107025,0.7775388623233462,1
-0.2480789768111107,1.1869435087756672,1.7241012618043625,1
-1.0351074133510785,1.2160677953628787,-2.6327505869035375,1
1.323825665105318,1.3406277774639321,1.7508516353545094,0
0.8861426276946536,-1.7605743808344543,-0.5515827580511549,0
-0.06286097617049258,1.0662542979769767,0.7672770697373813,1
-3.143558356854903,0.9466580745637155,0.6814909075737795,1
3.0525735895383863,-0.7086506076869433,-0.3968445568633198,0
1.7485123387796797,-0.6433317438558739,-3.1114907471261817,0
-1.525748629846279,-1.7669687435860613,-2.512116652802064,1
1.0068938868372221,-2.3436446369438806,2.053152696645519,0
-0.9929164145643914,-0.12681024712105246,-0.8957605908360299,1
-2.156464400278415,-2.3546835751239032,-0.47634726286135504,1
0.17351673586410293,-1.0464662697178806,1.032193160038536,1
-1.3143068901939565,0.704844936864661,-0.3337193853266444,1
-1.3279178231436708,-2.6146007503011215,-0.6209634226985211,1
-1.228194451921722,0.6391796290391958,-1.8521787215838392,1
-0.952990758081302,-0.3796832003589026,-1.0282920721283482,1
-0.5623261383046244,0.6903757313422975,-0.141139621352202,1
0.8398112041915133,2.754072639590386,0.9843867916007784,0
-0.14014533149437064,0.8461191187433337,-3.2377152185866205,1
-1.6537544262664232,0.4289888143478614,-1.1550770977800162,1
0.30407602345879187,-0.8723028508742884,-2.599160064430594,1
1.811492292032343,0.9905356108157223,2.9408222071181074,0
-0.6909772054271394,1.0481928014646515,1.8550668172223557,1
0.7594756665820642,0.5840543117031838,-2.2519200004644837,0
-2.15492027569681,-0.5493431165569977,1.429390104030983,1
0.335243809972613,1.1101633137319977,0.37219291058574433,0
-0.1370606636857649,0.7101017963429127,-1.566955918436778,1
-2.330256501686274,0.009656798374293604,-2.7492908388119353,1
0.11710376073591795,0.16010270234593657,0.7996391978596942,1
0.20562237082357174,-1.5788629208826575,-0.2224429497424368,1
0.9467538349588676,1.8447404277092567,5.206272752405668,0
0.9418511572865376,-0.46378705367512946,1.5765416844039553,0
-2.3928943792850523,1.1740323481914088,0.8423634248648811,1
0.3869064846708907,0.3821243650133941,-1.0610730159268196,0
6.66799994732498,-1.7703192914141765,2.1023573460977922,0
-1.8748566410780045,-1.5113751638593673,0.40507523149185465,1
1.2431144489799286,0.8721717054864546,-0.41674412965588065,0
0.5637219940890813,-2.0580915198594663,1.4849571552486625,0
0.3350657694640159,-0.16871695785773566,0.5829591568464628,1
1.4663872921421766,-0.9898935904399884,-0.5319075969696662,0
-3.091694377939669,-0.8406092175813682,2.981270555591463,1
-4.907152850478218,1.384011644968228,1.2333302819992487,1
-0.9083550244607959,-1.2848596130696615,0.5523326953261446,1
-0.9309228156724316,-0.8126233677920626,1.2969498448937862,1
0.6922551108690826,-1.6850874079246272,-0.6060098641145238,0
2.297792221590361,-0.24002080371621753,0.6575224937664672,0
-2.5444470703028332,-0.005231354929992038,-0.4546024734679415,1
-1.2200203032042927,-1.7965859827215516,-2.007732760540762,1
2.1338523241131755,-1.6804202879065242,0.6309313288112222,0
1.1089465535513523,1.5710053549865572,-1.3330425319751404,0
-0.13343305106255862,-0.4642786207322834,-0.5645073347006738,1
-2.8455645129572593,1.7585591756150514,1.365483143667077,1
-0.3733197158106925,-1.0193669166715784,-0.274777761391285,1
-2.0059654722404154,-1.9306261707254881,1.1850557519371114,1
0.774489375897152,0.2763258510148341,-1.4378845922624817,0
3.815159144282824,0.23935420740429864,1.0165066866808077,0
0.15358651746012614,1.378278931783788,0.24720637055146158,1
-0.5985917560601124,-0.9076087242077648,-1.076715116852285,1
2.5539153791833455,1.6252680095341807,2.0115725586365194,0
1.479645427748752,0.298628195809422,2.4138935465340112,0
0.7501742792136659,-2.141019880564894,1.9549314504240445,0
1.6504256380466231,-1.1865277453477694,0.24678389747933097,0
0.15597016793194834,-2.5203491099538455,-1.581775925714418,1
-0.20878174968168625,1.5797178062668091,1.6323627313632691,1
-1.0331714639353842,-0.008820681622461298,-0.5343947193852603,1
1.5532665695260848,0.07822906598415079,0.5690929156498027,0
2.1083777973754554,-0.49106171833737816,0.9676967714803942,0
1.3892758234600093,-2.330432207008722,-0.6480745846206694,0
-0.45578176311407925,-0.3662412826259221,0.7568498866077563,1
2.2250895113675315,-0.8929643227187986,-0.5574581322452754,0
0.3232544643810818,-2.9427789589659388,0.7301784346016643,1
1.8500687142626735,0.6812991575786288,1.6902589604235303,0
0.556766983874052,0.35307941613956373,-2.1435833598755396,0
5.028886402768016,-3.227285587089118,-1.198234969754075,0
2.223060585299531,2.2493920400675727,1.7781838575064035,0
-0.019690058425533598,1.927769076760933,-0.7167198259820388,1
1.3845763867708716,-2.343936460824809,1.7924868935194638,0
-0.15181805200867834,1.0777317731171692,-1.799447371954034,1
-0.015462219285871426,0.25464313136948513,0.5598905367422671,1
-2.2225302723411935,0.19818871185078168,-1.3352037600099618,1
-0.9556111665750626,-2.0747666831837783,-0.44815221732395394,1
0.16567725597468919,-0.3212202969956569,-1.193300027378024,1
-4.70102674583788,-0.0948317947210947,-1.4902400899041757,1
-1.607718272599609,0.42147053078671554,0.6426822448831064,1
2.978005415319562,2.6493296380130564,-0.5674288194949103,0
-1.5279547605363164,-0.10367086216600867,0.7277216772963836,1
0.5452273730223294,1.653371685961217,0.9302469911874268,0
0.7558949825945592,-1.618000372517425,-2.0713673247006557,0
-3.1119755233447504,2.1479731073679433,-0.8124606729710454,1
-1.274932766246742,3.2878496912387853,-2.5129163897771924,1
0.37582737516411585,-1.5295799493010216,1.6628549535610646,1
1.7522063774658387,-0.04622688443480074,2.165884518930141,0
-2.7484123218504357,1.409035095967225,-5.038399031924863,1
1.3752138635586422,2.1072613756045255,-1.0208638317377259,0
1.4752093245944655,-0.3250938948364394,1.4365051990732205,0
0.331939936365409,0.7817926015590109,-1.1771867314227529,0
0.9714156809935257,-0.15896285830530105,-1.308050685646249,0
-2.472011387443693,-1.3588255285438475,1.5207013807349756,1
-0.5326687358376119,-0.23122685525170233,0.26515403219998057,1
-2.0266705951574173,1.1564045939653955,2.412257764474366,1
-0.3827191619345632,-1.2902490581499528,1.563210657424914,1
2.8126518770803464,3.0106144683390976,2.7006138404708775,0
-0.747580387349356,0.9678537357285469,1.3508433271003033,1
-0.9017054595947825,-1.0790879331405134,-0.8450109063017348,1
-0.04461079816891278,0.9651781552785426,3.605725723384196,1
-0.06240012509726752,1.6005635044401774,-0.5488120176509458,1
3.9805360870416275,-1.7732016090440812,0.36436593878799617,0
0.022878208797891073,-0.7024663467418973,0.9614703289397326,1
0.8546137629860202,0.4713053593288484,0.8476126834620739,0
0.06327671882161415,0.26862931148635777,-0.9655554337057708,1
-0.21681112937680028,0.030367497274560416,1.0749813443049872,1
1.5060075650096683,-0.2444281289495328,0.6313698693137478,0
0.13452437774360027,2.6316332414421466,0.20825496304200533,1
-0.47161373711865423,-2.035006445501685,-1.5271173068215886,1
0.010963036792706184,2.5571365339259953,0.7300963260218836,1
1.2651351004914517,2.609205205395445,-0.1943632026155143,0
6.049561957103401,1.7585743831003462,0.7764377673431746,0
-1.6379494093774771,1.2398568578936873,-0.19141821333875977,1
-0.6287494130276459,-0.61542455717853,-0.5155359732180799,1
0.21151736596005788,-1.117263745584803,0.6180833711469327,1
0.7122062046640347,-0.03294999601962206,0.4716395873093774,0
0.24256316412339135,1.8210040302483015,0.4426001075418102,0
3.226464306019598,-0.3141395092554423,3.3619969563511782,0
0.22442663562945508,-1.1577320147185028,-1.0105149498582116,1
0.3502811349695403,-0.8515459191335715,-0.36464256037071635,1
-0.998616785788025,0.5368421383356837,-2.6837813518583107,1
1.0834922052141904,-3.2178762602871664,0.4651541835966002,0
-1.7474657546627121,-0.25277183862285585,0.7164290303426777,1
-0.4825472159736806,0.7168773347097074,-0.07497053996864386,1
1.918425103251453,0.6489923919327539,-0.31644104821922237,0
-0.2514259055541511,-1.1376671784773384,3.1989215121246333,1
-2.306226753701694,1.1719707302789022,-2.7312007982323427,1
-0.3116705693211165,0.18627026633305532,0.6485502264850803,1
-1.7436135740860608,-1.0589971498382165,2.0702630692271797,1
-1.3517299346862794,0.15547842828371902,-0.243631720036966,1
-0.4700481181849194,-1.461524568549742,0.5756103986024538,1
-2.218314178569588,1.03742179096059,-0.6096474195788196,1
-0.8038200642980541,-3.7347389264186233,-1.1307049548947743,1
2.582913194943603,2.3483729120567705,-0.2718683711366807,0
1.4849241764411183,-1.4409768686854856,0.812201218719788,0
-3.1496714271211035,1.3132009997041247,3.634326853763392,1
4.942935500847976,0.7407323171433771,0.9525184231273732,0
0.2816385420686644,-0.8415176291017912,-0.4743252170867874,1
-0.7169540556244436,0.6574906085060205,-1.4231232792529862,1
0.9076010354874646,0.05549017319560411,-1.3763267767890983,0
0.805193163436801,1.5575600150244326,-1.6086697501350506,0
-0.30348442880852927,1.174554668852866,-2.736288706685668,1
-1.0219881114731295,0.13358120245111665,2.1073923901712037,1
-2.0666135366523095,1.8697678845352927,-0.6135798275508985,1
-0.22543716229394062,1.0796872805432705,0.34181873402460217,1
-1.9185853675494182,-3.219289600399026,0.3629825939067599,1
-1.2572164904464729,-1.9506593767795377,-1.6112471347578883,1
0.4082102284973582,-1.9732804837831384,-2.947277655938062,1
2.9731442247271658,-2.3913028857157776,0.6464745323820983,0
-0.7759090949354018,0.33189713235754864,-1.451394313917495,1
-1.9786478490091894,0.520084701251944,0.6669153885797886,1
1.35171561081849,0.8115299661981575,1.4216639286173713,0
2.6226517995533105,-2.172018569853876,1.287643452361813,0
-1.232535341331404,-0.7792639525188794,0.9771561559255808,1
-1.700268216402219,-0.18731596306583526,1.403354009055339,1
0.3394097950240395,-3.376600874995093,-2.229630277745172,1
1.6686629984906292,-0.9346484960961451,0.6603316461647836,0
-1.4215238380744042,2.059377150085489,1.12023886847304,1
0.1709217619437996,-1.1570084347494636,2.1681590636795858,1
-0.037092134201513145,-2.0252184874724897,-1.1372460850059165,1
1.670595089314159,2.7866088982334256,0.20319457015730227,0
-1.6680682712713342,-2.7498696958157383,-0.8394408760980495,1
-0.07367144035093129,1.6276850985283964,-0.03935378913719504,1
1.2086761034870686,-0.04684062614216214,-0.11277930861502128,0
-1.2145377149991061,-0.49964908663256935,0.05015442937101116,1
0.5535030328786342,2.8541169985972243,-0.043776367486273865,0
-3.5896462620896608,0.6601833957121098,0.022205458801912315,1
-2.203582717622168,0.997688919855675,1.627169709787776,1
-1.8612954723755122,1.1269702687825676,1.0583089555297092,1
0.5668242268302538,-0.3863801297706221,0.4072351595237693,0
-1.638840728065026,-0.9472343743517053,0.706061466293051,1
-1.8887015377596297,-0.27934399988897046,-2.9836716006390924,1
4.0314155787261665,-0.614304719817123,0.17887785066083406,0
-1.2921707189459721,1.5227913914989835,1.0221566894748146,1
2.9077055054005254,1.1801961525607518,-0.2553699462920269,0
0.2799478129044995,0.8125992742494286,-1.896049937259161,0
-1.3773786374509842,0.8471042112106707,3.4948858836457393,1
1.433203601809038,-2.612474225735867,3.2486390214102836,0
0.4183200789630687,-0.042037053429444374,-0.37629237716541897,0
-2.319649995475601,0.37486648494986224,-1.6323724980837102,1
-0.7260030508798534,-1.1834139241160955,-0.3842273587139766,1
1.8326632346892233,1.299721179907681,0.6465283115855334,0
-2.920220943958415,-0.6688740965821091,1.915711835772154,1
0.012225054785273224,-0.9109332241750094,-0.7685338566792964,1
-0.84836358114565,0.2891024689413219,-1.3621311555201878,1
-0.08403027808768238,0.5184749277421989,0.8857436661713937,1
-2.6057817534336856,0.8672271440182769,0.6011292229352001,1
0.4693000236929433,-0.6115729479778151,-1.1917239452247155,0
-0.5756094983955423,1.2453321606013543,-0.8505489887470377,1
0.6810235516752626,-0.4662707245034388,1.5591747863809569,0
-2.3627188447687955,-2.480798016953368,-0.5931974165547369,1
4.254030701835589,1.4395234615060004,1.644521428667977,0
-1.7894897276749127,-2.8990883296892123,-0.680566419140888,1
-1.3833279018908757,-2.1233052794691503,-0.5118414062677623,1
1.680009901013514,1.551751109357284,-0.6353866559334771,0
-4.191999828707433,1.650842246409195,0.06457942767408932,1
1.3241728004144546,-2.2975923263859386,-1.6196691405961243,0
-1.2084430885737591,3.3000841598434087,-0.28945505880441064,1
0.2100525666976889,-0.37802928551893344,-0.024228869713816967,1
2.6173939366384325,1.1404053951877295,-1.723333735574502,0
1.0979754635060466,-2.0598916242279097,-0.6496522665460709,0
-0.6753105692382733,0.45017824922815436,0.2950521340681761,1
1.0435579957813506,2.052604858336579,-2.3717009728832137,0
2.3597999621744,0.7886997499360079,-1.551418265801592,0
0.686243025471836,1.7295493389865146,1.1603761596323512,0
-1.1347967120962963,1.6265086323265479,-0.21396476825072822,1
-1.47117953942488,-0.3040809635549483,0.24337746227426554,1
0.34476615224152685,0.6559254483022061,-0.28726715661188745,0
-1.768143615137494,-2.1756297388700614,-1.514379124369896,1
-2.5139732418701444,-0.9595483563883163,0.14573111272924127,1
1.9706772563067498,-1.2704267705029695,0.04085732703678443,0
1.3934218019061915,-2.612195138667817,0.15773640380127868,0
-0.07258198076028059,0.19507409922242158,-0.12371524614428434,1
-0.08309753392239322,0.22886746406503755,0.82451294475141,1
0.5205886408857762,0.28906028810120277,1.1273868319083795,0
-1.4823427222339354,1.6765636752142945,-2.328150324749108,1
0.9824559333241362,0.4527636080510064,0.8141572100600334,0
1.14664076795932,0.8402249187691851,-1.794924171946087,0
-0.4677450674845238,-0.03042582375165195,1.01659549703439,1
2.120586218548934,0.20647307440752524,1.442143214644082,0
0.9662986519478116,2.123927350205652,0.29323280883661484,0
2.211294635426212,0.18506226955599003,0.5244486334983011,0
1.8763768416793538,0.10334327371517943,-0.33654090027451106,0
-2.428329343017664,-0.03216606483689746,-0.530542507299377,1
-2.967516702538761,0.9046822287235705,0.4450466077705522,1
2.6079182873024163,0.367029080933718,1.1742522021237047,0
-2.1282559572015036,0.6716939583441933,0.9157457881381087,1
1.9590016482888117,1.1926197164304546,1.596349983476253,0
-2.2267965044644926,0.6656070178204087,-0.07316969210972671,1
-1.8666597567743524,-1.1979283706402897,-0.6964310502671215,1
-0.7170177632764293,0.0199121536694434,2.9163270931483205,1
0.38395403361051,3.0626833049925852,-0.29485792784666315,0
0.2704528302013652,1.7182416162375314,-0.5165228115600169,0
1.0517837841895057,0.7648460053520844,-0.5733118343372375,0
1.1010578500481647,-1.5691324376297677,-0.5685156622328583,0
1.0983936528938523,0.5852341726142594,2.433387886292273,0
0.12669274241513567,0.5849538877980223,-1.3719659379026266,1
3.5825275353298935,0.3464089399719571,-1.6840447967087369,0
-0.5392472797273791,4.058350603803052,2.1615681786951653,1
-1.6508694386291476,1.9723401818234125,-1.1519168638340402,1
-1.1061845949865874,-4.903014966816314,-0.28662302397380585,1
-1.2135792918572452,-0.6910541712160168,1.6512079832538011,1
1.166359359347828,-4.225971243091659,0.7557883868489357,0
3.7952754836274316,-0.36303568343133746,-3.5046150550114894,0
-0.6318430158883422,-1.714899570440309,0.14908367867847233,1
-2.1430274888213425,4.1591288297207445,-0.5940066342780426,1
1.6120319126562646,0.44127544765266813,-0.9829103723305492,0
-0.4992438853867595,2.8571949674824237,-1.467634309396322,1
-0.07768027632800772,1.931195497888368,-0.3192726942312832,1
-2.8479121688041427,-0.5516444901474146,0.17507315424718767,1
-0.43319329341343304,-1.3567553156009824,-0.017129974702119164,1
2.402047491913373,-1.4083189319503575,1.7506405952749151,0
0.02360464371161911,1.830869491084291,-0.7310920240807964,1
-1.4149093514826863,-1.6091214065426522,-0.3763987190960438,1
3.397754500041896,0.5378901089373792,-1.7707538088131027,0
-1.0573341895455854,-1.0746477666858743,-0.09719105113706286,1
1.8978972892177668,3.4954778359190124,0.08285716347084303,0
-2.1419287749664604,-3.753802189637697,-0.4411768696708575,1
-1.8403987536311353,3.3872438150663635,1.8041465105119026,1
-0.9988652101069457,-2.8090571680746854,0.20958493845015222,1
-2.7423322612616667,0.13091706403602396,-1.5289897763644278,1
2.104266584803984,-0.9621495467859852,0.1550666467681568,0
1.202617078240388,-0.6452274412404412,0.26036068491388387,0
-1.5163016385687325,-0.579923633140523,-1.4445045981119964,1
-1.7570542167343783,-1.6676445485814348,2.0566703206915906,1
-1.5734936986227748,-2.1380767373156147,-1.6765065460128923,1
-0.6503198186585957,0.966915454260881,1.645908844286418,1
0.30690859667768106,1.4280438913915214,1.9241133391318377,0
-0.5537589299010249,-1.424560808233253,-1.583815388303739,1
0.43045306847751197,2.798706924970282,-0.5917646442592818,0
-1.2141042583452948,-0.36401048872735925,-0.9555497515147418,1
-2.5808536988971373,0.5981326895040218,0.9282146477381572,1
1.1163188341814814,-3.9414345138862057,0.5894914147268823,0
-0.2803237942171865,1.4869572329357041,1.3318088264569417,1
-4.264320220952953,0.7026283665244456,0.41275201644817755,1
-1.7048899530093604,1.556386028990826,1.0739227729497485,1
-0.02734799178986149,1.6459874063725632,0.20753577582252578,1
0.14583882932833137,0.11699054905398136,2.804859172267139,1
-1.0870952099005389,0.9250312314117325,-1.388140749037114,1
0.7505517963071638,1.3833401066643678,0.011012673552807373,0
0.05946112784067156,-0.46180887239083523,-0.06047291109929002,1
-1.6206079533027737,-1.035110325131491,0.9531806261947402,1
-0.6621436981757384,-0.7561569577570416,0.5429931069563546,1
4.460229583621622,-0.679538899034277,-0.13787799702010814,0
2.589369412465934,0.9236293764053561,3.020862478155624,0
0.44969471649035897,-1.6729195082986088,1.638624531427447,1
-0.3315013585290249,1.0106796507915883,1.7122555674901376,1
3.6587024361155973,1.1315146945733654,-0.39842191258210813,0
-1.2513846877456116,-2.107713802359402,0.31032611702424695,1
2.533246546328994,0.07319416232138039,-2.852469466749044,0
-0.6796058398600014,-1.2439380217547145,-1.8412035698553435,1
-2.8082273620605087,2.5707392200474115,1.8131162566304897,1
0.06907324267347288,-0.21251505515903657,-1.0792755322207679,1
0.6338085013355881,-1.4871492988177346,-1.6140109199540313,0
-0.5611288719973373,0.20333732653376851,-3.402114526517184,1
-2.5728248571945134,-0.06322347665287562,-0.3353394106519611,1
1.4309068218495393,0.44382505533413963,0.6670852550366078,0
3.2904307192701263,0.9120602717387691,0.6786386198913346,0
-0.6310593507303501,1.2364277224124898,-1.6272864822051818,1
-0.5394292594667733,1.3674483808220579,0.8667706375753259,1
-1.665107328843128,-1.2043364864878603,1.1602791256995162,1
1.3110825786003197,1.695578165127688,1.7564790571066484,0
-2.3287393158813123,1.8435419894844034,-1.482258992718692,1
1.2877100843009985,2.3343852480104723,1.9181427747965163,0
-0.5568474581227815,3.7877431790208984,1.4381118556541366,1
-2.488927407625023,0.7952871727213681,-2.5959756396531435,1
-0.9972281351956466,-0.7972055707589099,2.304216595445251,1
3.649154791450551,0.08852379055767752,-1.408446485164495,0
-1.1364114846689677,-0.5623154901892535,1.177024953815659,1
2.5324485105077397,4.261641097510779,-0.33210817899252537,0
1.4614422774632014,0.6116942354265634,0.020450733820237384,0
1.196517951567481,1.355623804105687,0.38561674684216746,0
0.265806663269992,-1.1979476195816543,-2.066475728104407,1
-0.23277384755982597,-1.2647985697107433,-0.3535880668420223,1
-0.883631928859706,-1.8539064424715557,-1.453876631231096,1
-2.2195491196174637,0.9672038470267735,1.1487900315862918,1
-2.256542549236771,-0.4423520546278706,3.2233458337299243,1
1.7480580466931943,-0.958118914157764,1.4539568602656066,0
0.1438634626623314,-2.1346121200696575,0.19660456122590844,1
0.8489652052163704,0.9854660007028004,0.9738651111203197,0
-1.8862854553598525,-2.9615896128467396,0.5210603573125422,1
-3.069307460709787,-0.00999791242172705,2.3517633460271905,1
4.6863716034543,0.08309205215567596,0.045667753519874295,0
-1.390388638450675,1.3572864304914314,-1.2500655225876802,1
-0.8210783698559728,-2.0008768527705083,2.975123288608682,1
-0.25631239329072814,0.2976302226214636,0.34477732605099676,1
-2.7687908373183427,2.9033655433638006,-3.2263629840072503,1
0.024109280264864547,0.797035126717077,-0.01312314827738537,1
-1.4056984223857325,-0.21955499611090604,0.6067690458711041,1
2.384142226255463,-1.3091090035953075,-1.1781126448837491,0
-0.9543340730574859,1.3012885275564006,-1.2464690006868724,1
-0.40090442274702587,-0.5674102565141148,-2.2941590549753466,1
-0.03396697563251126,-1.0333708425358197,-0.2896006358180864,1
-1.3133457757950329,0.32016447197095116,3.0268310225850388,1
2.9650291193474443,-1.6509030029844434,0.12193673456810893,0
-1.3037918289788368,0.8515812837829744,0.044504886321686636,1
1.2991211958526363,0.4516440426883715,0.4827302934647145,0
-0.8264684997119649,-0.640303375330026,-0.2738711667505444,1
-1.3906878072551871,-0.4722342627726449,-3.348522811816263,1
-1.5576810469858255,0.6860698921236922,-3.132350659457464,1
-3.1060132335275954,1.225544350678259,0.7745754305095471,1
2.2738775263738815,-1.1573876451688676,-1.1476686955312034,0
-2.862018900380183,1.4469535162831164,-0.31828672503392014,1
0.003975032857259638,0.21493513795452984,-0.7945260841632128,1
-2.3759363120783985,-1.5346115240300702,1.5261195407215178,1
-0.3613303298518331,-1.5962361943565073,1.0958532034938677,1
-1.4892025931378707,-0.38915129287804473,-2.6109675191682515,1
-2.7945862047109453,-0.09005025044491118,0.938216022563303,1
-0.23117585175362756,0.37009563208078194,-1.39061949288228,1
-1.2997643550445428,-1.9376225319581617,0.2463709460820047,1
1.6943118027078834,-2.9239966616070032,-0.1249440262904738,0
-0.10370431729108903,-1.558508433070239,-0.15426420857294157,1
-0.7947103127740482,2.4161038662373455,1.5374501847565818,1
0.4000935174482949,0.028505224755319913,2.3311792202900823,0
-1.4066439336643242,1.505375822648578,1.325164185597559,1
-1.8695030398240826,1.2638662893504846,-1.3979599095494666,1
-0.38331251745023687,-0.02440623229169319,-1.923865234207881,1
4.7652091800622705,-0.4995447444316722,-0.7974863026648134,0
1.3011443446351323,0.8095725645320943,-0.4971153099103451,0
-2.0766739139989605,-1.2867125546811558,-2.186347241073172,1
-0.32087359027681867,2.0137614272428457,0.0685560021216416,1
-0.13455687083444165,0.9502888292938912,-0.2110703907936868,1
-1.5255272460290659,1.1407569377794617,-0.3414814089567961,1
3.9388597508378917,1.990110499912008,1.9245274401998722,0
-1.5065028327904209,-2.62211200508014,-1.310699253536205,1
-3.1821476931809096,1.365882819134592,-2.9112480056425647,1
1.7849479023100354,0.3136294556700596,-2.3123806397328663,0
-0.6169352417870537,2.7305610342110502,2.8663615797786974,1
0.6060988007897925,0.3593037733271145,-1.7629574465972149,0
-1.1055190880892136,-1.2423320237030036,2.3564690545220395,1
-2.999111099565809,2.566226696748719,0.19991452286841407,1
-1.0511385217817972,-0.952264863862657,-0.6848611030095225,1
2.2991830998764526,1.0610556522681223,-0.3839732079197373,0
-1.9920926682487523,-0.7905473465428201,-3.28080309143867,1
-4.080360009371388,-1.0371468870254843,0.24866845934669526,1
1.6811668375769009,-0.24842854831675876,-1.2745838395088813,0
-0.9095603962535731,1.2023397746397393,-2.9959212125557757,1
4.0136251494863,-4.21518586441922,1.0559265320507967,0
1.8575856333670366,-3.0462494968622646,-1.8039820908827462,0
-0.07375580092980265,0.037278819725524624,0.772986644852293,1
-1.3958027090930392,2.6229432776893855,0.6994584861193085,1
0.48857805555962963,-1.6222614427054254,-0.2658694047314002,0
0.09864896822879979,-0.5173667203346051,0.5791914341312576,1
-2.292207416405546,-1.5830513999561893,-0.29875324809828574,1
1.6026694655943052,3.6462396072639978,-0.7198725920493911,0
0.5112550702239258,1.2821836085333114,-0.8382730852744613,0
5.1355542207343055,1.4121425351051837,-1.5730461536776275,0
-0.8965214176644717,-0.8046782566055337,0.9775211988363859,1
0.3718804713842095,0.9689480184426502,1.4855231892965386,0
-0.6409287724364122,-2.395511881072933,0.008043692887073347,1
0.2797544952531176,-2.32105421934619,-1.8819706925694557,1
-0.4981266297447923,2.819589098323352,-2.071102538046334,1
0.6081278974095482,-0.03323735155731074,-0.20848832124095282,0
2.8206326808983735,0.8424001609669871,-0.054050391446962914,0
1.514641317558928,0.7039995833308704,-1.3805028003708169,0
-0.07955558296378233,0.8660484037743813,-0.4670497265510151,1
-1.8202772555589564,-1.033113338375665,0.45168454002366587,1
-1.4468440867071264,0.06831015803710266,0.3100589339101082,1
3.211837869179498,-1.7540996032056848,-1.707145238046545,0
0.43708413041028976,-1.798668682073964,0.02902822853496146,1
-0.45895824748875047,0.3037731384562793,-2.3733199012424,1
-1.8294168244059656,2.572035919763774,-0.6728618548112164,1
0.18096068071709676,0.11139845351262066,0.42557048972870853,1
0.042134483179914806,-0.8812254046023155,1.6029163387690983,1
-1.691506707751265,-1.5949508494144473,0.6884043035858263,1
-1.1819975220907024,-2.3228297206638024,-0.3218147318056698,1
0.17294686378716376,0.5573566263101202,-1.0433810290675753,1
-1.9133477396605505,0.5468303498819383,1.050583166571869,1
2.794308650707156,-1.1277787780274233,1.3249069846413806,0
0.7996149665099259,0.386188397380372,-0.1051250924430236,0
-0.8588151168739941,1.5714087679284185,0.7797000674035559,1
-1.4612267746160832,-1.1945444051911949,-1.0154971151951822,1
0.9014474224920048,-1.6686985190031056,-1.8500288889457086,0
-0.2913772079103244,1.0231933314527295,3.036811711659565,1
-0.08584484745378068,-0.10212731413808293,-0.40910207316228586,1
1.5884014398860087,1.6960167691187231,-2.6480796581466506,0
-1.2501341207542762,1.5808579245637246,3.0283101422657253,1
-1.8701308266056609,0.827738405762212,2.6281955452673986,1
-1.5549793617318757,0.5764509138583297,0.7137209497844861,1
-0.10976293893681763,-1.34305673402501,-1.5229726924606093,1
-0.08093959007580863,-1.5301151808851452,-0.12639209144246918,1
1.7230594621046829,-0.07809710135692215,-0.5193937636562399,0
-0.41539557950522293,2.0195497649711878,0.23072826985597647,1
-1.733592260565517,-1.5945918843898912,0.8826285599264541,1
-1.2459404679207855,0.30157911148113226,-0.24229189098826018,1
-0.44305715186494415,-2.103880875919081,0.3128898779481303,1
1.0669606837023577,-0.08154447146450854,1.725129867215652,0
-1.0343807320263638,-3.0216130381729065,-0.4959696569904996,1
0.038550680610461685,-1.0046666255401069,2.3311495511209532,1
0.4492701838731934,-2.610272413161916,-0.5681279733101036,1
-2.649796744800586,-1.4035578199052892,-0.34566151466664313,1
0.41006741090068155,0.75002561205119,-0.13285832039395148,0
-1.8357535658017448,-0.18545294469405915,-0.41304129040676557,1
0.6317793187945342,1.7632744466938113,-0.3129588315425276,0
-0.6791586501474856,0.16981242508572716,1.7548996921672715,1
-1.753647236780957,4.4469846634094905,1.151021477197441,1
2.031132554484899,0.08122348763423835,-2.257354076819506,0
-1.2310864780231197,0.5177262178522088,-0.6300621037944082,1
-2.589892549256925,0.38784514406491954,0.2902265409783368,1
-1.112199421946418,3.5449757890377587,-0.25348759691097106,1
-0.6153402933354218,-0.8617288316531421,-0.7364326884562133,1
1.8886057133414391,-0.22556253044367863,-0.7393777182934876,0
4.113135174401978,1.4160390234221243,1.4515635645908753,0
-0.14082565259739221,0.10474596228396972,-0.05477487223737176,1
1.578400776626235,0.7119620409689559,-0.12134568431269328,0
0.7317839980868366,1.0712608749824972,-1.393168111056721,0
-0.8195584421084668,-1.373105392538325,0.19891896744663132,1
-0.45866034576303233,-0.4428658515382923,-0.6063497853113587,1
-2.6243208780325076,0.7558152345282728,1.5959234188756586,1
-1.705582435393031,0.5644636063584946,-1.481239065748916,1
-0.562868975181781,0.5155288324144006,1.4482030405742632,1
1.7781371325426343,-0.7538171816640088,-2.445753327537233,0
-1.5191761271181776,0.8296143080075147,-0.18206411563937244,1
-1.341826732133622,0.0884443202974017,0.37998623481063537,1
0.09949487075607819,-0.6516339576514139,-3.375711525150338,1
-0.42054296560043636,0.02966593429834044,-0.4437990347202267,1
-0.6916494570546432,1.3822021402114122,0.7294973170198554,1
-1.1164861680854308,0.8275245739816691,0.8835808726695881,1
0.3845264618475107,1.0944772685675077,-2.4849891591483826,0
-2.7972602497418344,-1.3989462433338624,-0.548921384435613,1
1.284288888281123,-1.4622864698949225,1.0599116846474845,0
0.14498185723835139,-2.7240164434601692,-1.2802265974768214,1
1.2932046179855812,0.02636189590333715,2.4851345735469006,0
0.7029547687603239,-1.8290463472288903,-0.9992974413820461,0
-1.0728668808728874,-2.5801280425504682,-1.399711833225419,1
-3.1997287414302367,2.2813063069079957,-1.9505494789797417,1
-0.06219159465435506,1.7639211026762547,-1.656955805998974,1
1.6547659909358856,0.5249145442060231,-1.3827283741692535,0
2.2696962668355747,0.17379738670223951,-0.15429632944649282,0
-1.148023997334802,0.9349018705430049,-2.3687956980131557,1
-2.8099940813911504,1.4337852516345635,-2.005679785869597,1
1.7675302195950067,0.867824929453076,-0.6503985821911152,0
-1.3748432374952302,2.37563401833859,1.8218736114982914,1
-1.4139713607572055,-1.069908924737625,0.9760398685432291,1
1.7069658902743778,-1.6292673846698889,-0.005777585548951249,0
0.4883376288031005,-1.7795635947123618,-0.81231735886526,0
1.10574615404599,-1.6355745842865026,0.064562743247167,0
0.2029537264182155,-1.0168050547269798,-0.14189270327317813,1
2.9034107877978785,0.5004025944173239,1.3437955652196896,0
1.2520325469968707,-0.21654929644840748,1.0830675817236648,0
0.9184331739188566,0.32492646901015343,1.4770065127819336,0
-3.3025433464278,-0.23256030136241454,0.658140690939339,1
3.151140791459645,2.4396741339685972,2.951258097802792,0
-0.22999027293942634,-1.5807970113073253,-0.38845117512887756,1
2.9754831618593287,1.9078277527131575,0.21963190599743318,0
-0.9043994776526693,-2.2227963526561747,-1.522095848054755,1
1.277234449260125,-1.7373789895380995,1.6131696713891095,0
-0.914647251563776,-1.5992856666112198,-0.6388849360796582,1
2.037048823151241,0.020733534837852317,-0.5530863314832563,0
-0.17837955748664777,-1.9034052627041727,0.5141614359372411,1
2.119957197738463,0.6714845324748984,0.06494080310705082,0
-0.03377281237542311,-0.963766283411873,-1.4957965912048494,1
0.4865061374036601,2.0194614218426934,-1.2927367055697965,0
0.2983020566668562,1.7608246874372195,-0.22205025255281277,0
-0.2317700199063425,0.961066996388446,4.40991919656451,1
3.7867532125491294,-0.013565928091998055,-1.6898247458216682,0
-0.19920807198598647,-2.565955100376391,-2.090283461169294,1
1.2537550681481067,1.116507414963907,1.4994907116868472,0
2.889339968796078,-1.0707647283196036,-0.29668211873214556,0
5.321506345794214,0.42958389641538375,0.957070287026705,0
0.19170360434270012,0.23817956808235094,-0.3700174907785715,1
0.5053367209898365,1.5669410717906305,-3.2906476158340907,0
-1.651440150370623,0.11743154979951874,1.1598100725790508,1
2.1943671218796617,0.3587869960324444,-0.04956032904197717,0
-1.931249498716128,-1.2225471090102613,0.8179121393137332,1
-1.3277164712771652,0.3639307671974524,-0.7890624750752082,1
-1.3972716106257002,-0.12742626189079823,-3.3509127105085015,1
-4.62524305418854,2.1122380905559552,0.34939055464733454,1
-1.1129269231001129,1.3708701591569585,0.7842681183876403,1
2.480563006350986,0.21981943643181823,-1.2860776283635404,0
0.1819507787338176,-1.8142281282189139,1.3443634806552178,1
3.762627707033436,1.3931231291431792,0.14135195374536277,0
1.7390725205499638,-0.20410068055316774,0.35885680746828896,0
-1.178425440227926,-0.41846263369542486,-0.09004098750196968,1
-1.35288490597819,-0.0339466895561257,0.21756627481053645,1
-1.2829752132930725,-3.60750562015292,0.7985215879735306,1
1.297313135656874,-1.4294666336400004,0.3446391354927354,0
1.6358039454919955,-1.1121352852291013,1.4800690848175542,0
1.7127472525680645,0.6827650171544339,1.0540688118918837,0
-1.6701553318515097,-0.8554635998923267,-1.1846320786152262,1
0.015802156124332823,-3.7181324085128136,0.9205610439370764,1
1.9607831677316856,0.889100965876296,-0.12805758344176837,0
-0.1090952524651874,-0.6992728207635122,-1.0777556771336247,1
0.9042050527571841,0.20472233029703196,0.00455347434398065,0
0.04244817463859666,0.7025919473719046,-1.4080026983020986,1
0.9827988990706665,0.5008723128713921,1.247207929692014,0
1.5590993346297273,-0.27091212162345807,-0.91685966621181,0
-1.3179156869623778,0.7361226245729209,1.6676101786791184,1
-0.14090829969168872,-0.05599892057400707,-0.7616735268565041,1
1.5811289495713339,-2.204132993025554,-0.5325414674077692,0
-1.3676939377543558,-0.3578245037586953,0.027504329278831192,1
-1.5876489633363107,0.2940760090186874,4.379613425691152,1
3.058302890790348,1.6790167394531184,-0.15461899940017257,0
-2.281968588065419,-1.1491516398615618,-0.4173648074900941,1
0.4381414961350091,-0.5738506992124578,1.9014725329477749,0
2.117491380547262,0.009204973447835371,1.21863177593733,0
0.19131237112252852,-0.3732105172584227,1.9316342545649625,1
-4.002388123831727,1.4688576735553598,1.7684739698919931,1
-0.13936528777769855,-0.163620808835503,0.2427789419555564,1
7.669301581516357,-0.025816206758377907,-0.33484553104988585,0
-0.9981673677920251,0.9088081800085072,-2.1147637492494,1
0.07994971064142509,-1.705774142982317,-0.7558743595077551,1
-0.5540211990398182,-1.9619904683083522,0.6623348956604009,1
-1.2504991115941257,-1.69780179908816,2.9125582406587265,1
0.35606547297821123,-0.3588540627757549,0.25953530993346485,1
-1.7331820532480573,0.28855715355724393,1.8190887327008585,1
2.754421371387025,2.854086237073403,0.16246561011452884,0
1.2546413337361007,0.7222862376873398,-0.9603343264235165,0
-1.4877366883799787,0.3079737069913151,1.9986568484114535,1
2.1649387405741547,2.6680195440610577,0.5579481729616846,0
0.4644352534587598,0.003064252418284522,1.9923320408286544,0
3.0883214269823345,-1.383821321920965,-0.07069472375217445,0
-3.526252044617722,-0.499524570525123,-0.4456422830042411,1
-0.4189240242234292,-1.4415726848101758,-1.156471036185304,1
0.8904826697144723,1.7789766034007104,1.1858780778256302,0
1.4373493745171635,1.7259175556194144,0.5837737111641108,0
-0.15486804797365988,1.246572916671509,-2.2499791889833785,1
-0.9374751835265778,1.3325949981567962,-0.4258197255852264,1
0.49509604249175276,-0.24731954192176508,1.074165187859454,0
0.6731474482667031,-0.9170245446401569,-2.4707821228514586,0
-2.811828739673684,1.2664702645899013,0.39854371189728843,1
-1.565954483744336,2.2423635886785904,3.9545515546430665,1
-2.9237383836507984,0.4206120658545842,3.2859228315273934,1
1.8029776447871388,-0.4398857291546056,0.6504120402189826,0
1.080588096461805,-1.3527539827251271,-0.40227142310351466,0
0.41393215695410357,0.06795174115273782,-0.4460340079694311,0
0.7855721078324044,1.5054884985711905,-1.109077353665363,0
1.0638963938013903,0.39220731949874416,-1.5092979189530824,0
0.29668084515323356,-3.5964928040289728,0.15618858699562851,1
-1.7633153723102277,0.2978050369999064,-1.6835905059246168,1
-1.1230486006771223,1.3827039570899833,2.7675299909809756,1
-0.34406768695490497,1.890748530531738,1.512049868902452,1
1.519169758417618,1.3053785932078559,-0.5141927817169157,0
-0.8574888915532771,-0.8320536247731369,-0.7898949077370454,1
3.9174098753587647,-0.4585156751061337,-2.027369590382014,0
-0.2872764784168941,2.9296415585636315,1.0030862836265195,1
0.6629204696409505,0.5838619905942487,-1.9897249497705716,0
4.926360150202026,-1.1915913605610882,-0.9295407490623436,0
-3.5678177308813046,2.848225227148162,-0.9947560069486459,1
-0.7694682068849464,2.0913290557550135,-0.029586087668125795,1
-1.3579011188092984,-0.7645568339365248,1.4784626837489894,1
-1.6326418088661216,1.1543980789250676,-2.8694506332687184,1
-0.5154508299151825,-2.015531953704483,0.4555710049492579,1
-2.067980624609371,0.23536659920310452,-0.07790617273522824,1
0.8418429163452454,1.7464179050944588,-0.06501766546870227,0
1.9358027857894293,-1.2733434048182841,-2.2784340664193996,0
1.9695933710062934,0.7387874927032064,0.3730173917620952,0
0.5083558083293431,-0.4757914840515628,-1.2596432974861484,0
-2.0793950069830123,-1.163613576395494,-1.8790620636525435,1
-0.34058369772536295,1.57977755424238,-0.1294594882534448,1
-1.9754384198843744,-2.8615084680069467,-0.9798506151745762,1
2.520973113289126,-2.6666565155255793,1.8870462098751202,0
5.57417200357915,-0.2617811228356365,-0.822306927074189,0
-3.106717823715984,-0.40439749916059525,-1.0219792728662225,1
-3.517646386060208,-2.0554361207878054,-0.8696899971140984,1
2.4687927995562755,-1.9469091446358642,1.3730577552472307,0
-0.16256680807338988,0.5414401486898103,0.039166660918703564,1
2.283439239523166,-4.4894825351289525,-0.9747073489209518,0
1.3051370398483937,-0.49758938824619847,-0.681437268922579,0
1.78728970037702,2.609029101320308,0.8593740738547657,0
-2.9484013592335643,0.5536181866149346,-0.3456812587467915,1
1.2107835334953234,0.5808285500672492,-1.3132699038957847,0
1.8097408368732062,1.5441239785496346,-2.9493059609713397,0
-0.39887377180193506,-2.5951667584850497,1.072029797717537,1
-1.4655128163478335,-1.074685020803371,0.33439691265465166,1
1.0006649140690618,-3.1419649160800454,-0.1831135961317037,0
-2.0993086661278646,0.35857433509577835,0.17106584366264083,1
-0.5863437799526273,0.39590544540490713,-2.6319311811701733,1
0.12214528079072057,-3.11680166369662,-2.208060266391037,1
-2.8382981355985843,-0.5866360405405144,-2.5218790496051935,1
0.8556317361160647,1.5021206711469397,2.4049848431045895,0
-0.3072403448680549,0.4144597676443606,-0.2750867828479287,1
0.9634134432378535,1.9378323135522737,1.4551566166693446,0
-0.07046404917999331,0.24101010936651973,-1.288323736454263,1
-1.8971687103867714,0.5884232506037984,1.6551914453092498,1
0.3858902551404752,-0.10559379412981681,-1.4711979590427633,0
-0.18889305743661286,-0.7306522085406327,2.416365262828396,1
1.3535707897815912,0.6637162355990649,0.6605046999976282,0
-2.2870162756821024,0.12131844542435277,0.40292689540846144,1
-0.6034886561559657,2.6513476328112864,1.106613616139173,1
1.433563478112262,-0.5430505506779693,1.0474495991108248,0
-0.7175807323280671,-0.10660258648949315,-0.7517317271143048,1
2.2856067411702465,-0.46768939616818056,0.3218402268629406,0
-0.023587638582122497,0.036511460180743055,1.0850341519045292,1
2.3438257906280278,0.9380935838640783,0.48469034987899173,0
0.6670892600492783,0.9406233978209265,-2.171257317669205,0
-1.9786403555274659,0.8415676017335766,-1.8470457220447396,1
0.1509787127240299,1.0752890349441686,2.725583887860104,1
0.6234449806173947,-1.0214952410999312,-0.49413036338615657,0
3.0616116825674546,2.59451833679039,-1.9499608724868494,0
-0.6963603383667608,-1.3144769882707863,-0.09290084406282248,1
-0.8908325489251333,-0.6593429989389918,1.9826898198352436,1
-0.163369061691967,1.0492801369492801,-2.0429581233688476,1
-1.5034561443915309,1.5116981989553007,-2.2895966948058155,1
4.6219547967216075,0.5350315764616606,0.7742150921767172,0
-0.7033849708294355,1.4835277060095085,-2.6328457963345047,1
1.6676499232393425,0.3054014298057128,-0.3074097170291555,0
-1.2640306473337533,-0.4068272089840813,-3.514566326401066,1
-0.046271797308844356,1.624518290305857,-0.2180769203490082,1
-0.1170930444920153,-0.6204550271501164,1.4499446608899458,1
1.7669070351376421,-2.2022350609486105,2.5195665479193727,0
-0.5075471787732709,1.7772843766158126,-0.8238131984360694,1
1.3074347240159754,2.589216081652347,-0.07996892275018277,0
-0.5467173828105288,0.3903767010322535,-0.876977886546478,1
-0.992270344755845,-1.499004888674516,1.7201384561122295,1
4.560296417536924,2.7205517433350805,-1.5635936468752119,0
-1.098015021924877,-0.9630572970913278,0.6351841121905316,1
-1.8930020054615826,1.8014909986499863,-0.33965343623252603,1
0.5816429774601473,-3.599937633680521,1.6689383206813284,1
0.6893446531691346,0.3539483726248024,2.8156007706561192,0
-3.069058721527298,2.3783789121511667,1.765802817724158,1
1.4838651931988425,-1.530647174916455,0.47243583680374246,0
0.6404023849143401,0.769050455144343,-0.3218218981328369,0
-0.33508496796561726,1.1753266341340582,-1.3827618421158399,1
-0.46878134160999424,-0.6177311206485814,-2.9648015209464478,1
-0.4442407422096428,0.26645982900776183,1.1641553002371055,1
0.9397706596834202,0.8026570991570319,-1.6015030558086176,0
-1.266237356503462,-2.3517642597075588,0.6367272699149906,1
-2.1489835164273003,0.09561789642233794,-1.5222149935640217,1
2.495794060848573,-1.0439212701208895,1.081335838577021,0
0.3296476016819449,0.5973433616794481,-0.3601996544356276,0
-0.46699439058712117,0.0989230148209548,-0.36277319893689686,1
-1.6350827942239394,-1.1224405532447848,-0.3958022989249787,1
0.389079276123573,-0.7775611420725986,-1.5139553459685031,0
-0.8149921760130714,-2.0094415573322846,-0.10083261211497838,1
1.6447887355491828,4.622314338557799,1.1924056628068964,0
3.671280012295745,0.08255733918431563,-0.22875912735878864,0
0.4972302878886796,-0.26708724621731095,1.0528794510282862,0
0.9523072695067962,0.45925692975910776,0.27478782330477025,0
-0.1598370718044627,-0.24004487416441114,0.20288773630428028,1
-2.4117388258663026,0.2409958467483333,0.21324502500820652,1
-2.2031808121545335,-1.0779585267138374,-0.6170637977221072,1
0.32721149166750385,-2.540832453206276,0.2980894791274852,1
2.2320646464692753,-2.101776677527353,-0.5944260563976836,0
2.5641285021272324,1.5298759724317423,0.7995115645924433,0
0.5483811138384963,0.3778868785244926,-2.9564554954552844,0
-0.9974080212948059,1.2180372509958168,-1.5840346608426974,1
-1.3086737069264294,-0.6041140221564038,-0.49713207887564687,1
0.24384631561354592,1.5054024393212864,1.3800273969075465,1
-1.3049348010275776,1.7947739450524853,-2.4999225616043557,1
-3.4431230688730854,-1.6344280227206691,0.04207021665906196,1
-2.276654336206024,-1.2478635974637762,2.5889658286390977,1
0.4871343048275626,3.6678632883189803,0.9752603300064113,0
1.8012338822687288,0.7961322438824817,-3.021028628848869,0
0.3690835368604594,-0.5688548169172674,1.978267480692363,1
-1.8189001698110996,-0.4088623497528778,-1.0357703320638771,1
-0.6455878428833972,-0.3468845652287393,1.506266059792135,1
0.19765228979503194,1.7234815424727155,1.0070531938204603,1
2.7375658248569823,0.6315761127950476,0.9854357238894013,0
-1.877986319004059,-1.957669820778733,0.6357487379230862,1
0.11612573415322383,-2.876926360562807,-0.5650797419398988,1
0.8886473404842554,-4.204462703616805,-0.3434077361648659,0
-0.43537642796134574,-0.6564461666913508,1.4184984747011875,1
-0.5453502017817352,1.091698107274242,0.07435250788275255,1
-2.3822256683288625,0.5522446341284837,0.36487639398574945,1
-1.3948450552909253,2.288258585081519,0.08744491170320813,1
2.460519727178889,2.9975418760949464,0.00883629575141751,0
-2.7913817563479713,-0.2190037014534364,2.362235920841141,1
1.4115450741963125,0.32744842944374614,-1.3984019700658559,0
-0.14956251441825943,-1.3416731002556679,-2.5456718392862636,1
0.18701408544032094,-0.17605090681872987,0.08624847825968103,1
-0.6901999548506941,0.6828209286697074,1.9040565071802917,1
3.4319754939197153,1.364757433129895,1.0272168880923491,0
-0.768274538944839,0.8340359531958508,0.16785959303848172,1
-0.574500800846491,-0.8396153332987374,-0.5526835566494974,1
-0.39614960580365066,1.5433804503790405,-1.5469715770234649,1
0.23201698787702044,0.5594269149689473,-1.9871572517510068,1
-0.3549384129770055,1.8391364038074718,-1.9198883070271715,1
-0.7655257970585613,-0.900881060386396,-0.8900769812904006,1
2.114039631576183,-2.9653838428344663,-2.864681906127,0
-0.9407905690696954,-0.8514881770841467,1.190467332423326,1
1.4797071342341852,-0.5219064221672386,-2.5652314323674394,0
1.0591707974818207,1.960678439484064,0.02560837105737635,0
1.6057026788591167,3.055290981355002,0.3028763069287631,0
-2.665709311584655,-0.5123005908379208,-1.264698163618074,1
-2.3762913014415785,-1.410647961608219,-1.6044741928250856,1
2.194197839995095,-0.13447782657923835,1.2553732393563128,0
-0.48988268719601535,-0.5344746078498686,-1.647612184783373,1
-1.3016451409822773,1.7868111984671633,-2.1578854837527874,1
0.4508661657113934,1.6556058222437693,-0.08566488323654656,0
1.9774288509374052,1.3627300085795877,-0.5733467147438394,0
0.5249204486476711,1.9788005928329326,1.9437850291065528,0
-0.6053231821894056,0.6310848427947345,2.9268684406259644,1
-1.3318932635738252,-0.5357997624273836,-2.7030860295617747,1
0.49606871390184437,2.355503920521955,-0.35066760255955215,0
-1.2808760020595478,2.5131873954384796,-2.574927377759074,1
1.245794773578092,-2.245630959082143,1.0269715483509945,0
-3.3320370986194865,-0.022750406451090856,-0.5894050011400358,1
0.918738759891697,-0.12402406859383687,-0.9926350705366711,0
0.2707627763256735,0.6075258981330622,-0.48424738515261806,1
-1.3992649405693962,-2.193684610433042,-0.9967066168775858,1
-2.5583040223339704,-0.10478035518859159,-1.0588308280975354,1
0.8852510757712094,-1.8024122705558219,2.1690484977853566,0
-0.17537558058395067,-3.069932084154022,1.7180563188217342,1
-1.4549854043529087,-0.8779561947469695,-1.8211412948901347,1
-1.0225081042870305,-0.9574195773796363,-1.7494451372621407,1
-0.570608745246347,-0.259072619135299,0.23541025603695423,1
0.38948448052523904,0.16167572311665407,-0.34153600629712966,0
0.922637391593605,0.4606786829934913,-1.894962584093661,0
-0.7521147552359717,1.24552757762116,1.4077471898072142,1
-0.7994408551375535,-0.9727950621697383,-0.08626823301943168,1
-0.3162873961858806,-2.7486344236962585,-0.14354062731113154,1
-1.8585959076457712,0.7193411891042576,1.7464769785296081,1
1.402745433873862,-1.64485029812194,0.4564133238117227,0
0.6273888017791535,-1.835801847186769,1.23825364409715,0
-1.2143218088093233,0.7007409348602043,-1.5348100139521472,1
-0.0750491201155464,-0.3019084052366914,2.20803999861501,1
-0.5944616055722931,-0.5974467156143942,0.8875736627482947,1
1.6267507042971878,-0.3791886163854141,1.2161087411890361,0
-2.326335767669663,1.7713728807669153,-1.7840732965240345,1
3.443463229881568,1.1773328849586326,-2.0562337395150307,0
0.16315443201525626,1.250024127274996,-0.5424248816074121,1
1.7185890494990128,0.2693153937646458,-1.0398783159772074,0
-2.0849272105807617,0.0754408953165825,2.40004705844021,1
0.9075655286522892,-3.7129617450782204,-0.7909309318719103,0
-0.3523850516566198,-0.2846037090222786,-0.7404736417938097,1
0.2041862085345884,-0.5614039839633655,1.3652161664900206,1
0.13724778914112348,-1.61399694004034,3.100494971087242,1
0.530238702139569,-1.3839284434773602,-1.186536731530946,0
-3.2951697819509906,-0.2952467310854626,-1.548443978787631,1
-0.19777790541521884,-1.290702864933235,1.4144997763474825,1
-2.0750048638128282,-0.29934716138314216,-1.1305432378611917,1
-2.4872485877383497,2.105834116477917,-1.4405494691281464,1
-0.3954959210502693,-0.19058447499971176,-1.7440012875139734,1
-0.6663892812118377,-1.254230752924691,2.611062803041832,1
-0.6831358808250595,-0.8042354612239871,2.267691849265009,1
-2.2923374240002263,1.028645553136691,2.648288592054371,1
-0.4783970219088528,-0.9720594189150316,-0.6230851219602711,1
0.45650200655651635,2.0106717983882185,-2.1236611609329437,0
-0.022855951523310665,0.5435985255488383,0.9334650820130305,1
0.3507580665066998,0.24758996737984723,-1.8000218281963825,0
2.791665214201726,-1.2933193590825334,-1.0462022277980965,0
-1.0341067046987245,1.806600057966485,1.6264388075812723,1
1.994296037213107,-1.534190657202343,-3.6566385774714063,0
-0.9044599150280845,-2.3640151275564003,-1.9245567851968461,1
-0.4857851899533186,-0.6317638389341228,1.7077078648861104,1
-0.5083843900418097,-2.4210167197128687,1.5690224200012273,1
3.5055989000006273,-1.1151683247215627,0.04076050556388687,0
-1.3206333115708158,0.9452361785431641,-1.0979660434793255,1
0.40239465880365477,-0.6661077267530117,-0.8994766938338166,0
0.37446183715270487,1.3584240722588945,-3.260080883320875,0
-1.533190732966319,-2.799522052855914,-0.3827270787702622,1
-1.4843955903335964,-2.0001249038733193,-0.12887819688447968,1
0.026040577067629356,0.05727961835546955,1.56352294698739,1
0.6798311199215978,-1.6052248327436627,0.14310967533998645,0
-0.5236937527713987,1.2448310485430354,-0.18350572653850009,1
-0.046692812392852556,2.149544290092212,0.4596246016055607,1
-2.696502097100121,4.080264657458508,0.8013883582204822,1
0.8895057145205515,0.3971308268657736,0.29792656263313233,0
-0.6729737451153296,1.7574720162938944,1.0902451050367414,1
-1.7099116369921825,-0.20041821368549304,2.53959695822831,1
-0.02705879588013601,-2.615357629717437,-1.0880546204701194,1
0.9424597920719929,1.2331225481913535,-0.9385670274337556,0
-1.2730403763994993,1.0994390780064132,-0.9843129820676222,1
-1.50132101554238,-0.3778614336189535,-1.3597491596556892,1
-0.1974328887858691,-0.3715844755117257,-0.6301865916593459,1
2.0294743327936824,-4.097995756999403,0.020993033127961032,0
-2.0170989838536695,3.60518978215469,1.4346933284387535,1
4.742178437627929,1.3419779299188603,1.2038036849807272,0
-0.5468961211082373,0.28996558136410283,1.9336646607678667,1
-0.5043143094409671,0.7993276798779015,-0.9670830041400933,1
-2.6798774046663176,1.5942847970701868,0.07973704410796315,1
-1.227984513499967,0.33640289765112225,-1.0214311420452373,1
-1.097102112042447,-0.8092539769980096,-1.5119278472281714,1
-1.913809245253956,-0.03316342405980594,0.025819561034451828,1
-1.694922551414879,-0.5959511334809094,2.194387573372602,1
-0.8180627675320071,0.9606473287757523,-2.38721763270634,1
-1.0431047521013501,-1.7064661390648967,2.4584976315994695,1
-1.127217496045476,0.38064164332835615,-1.9226975723501125,1
2.03761699163169,-0.8729634443455213,-0.3576222066823595,0
-0.22307608842063176,-1.3598091286420544,2.0766494556467108,1
1.4662846580369782,-3.5826136612904356,1.0628662660691546,0
0.27355117435252335,-0.5761199035741434,2.637454842923926,1
-1.0766910422804012,-0.7265071400976367,0.7002940871858225,1
4.471489465298692,-0.23942881859773657,0.5067476483194532,0
-2.7080318504511727,-0.7177108268840644,1.0097049282059938,1
2.245106574452802,0.41345793155847543,1.8247909653798233,0
-0.27445934472932676,0.6196328493421152,-1.2041312888515807,1
3.014292630692788,-3.2811123672776246,0.9361106051152008,0
1.4537552285339213,-0.13950221673014582,1.2168360464830545,0
-0.48009088183156895,-0.9116263256475453,3.2388664978378916,1
-1.9006725742498822,-0.5995947422315573,-0.0711561701066021,1
-0.6639719296873169,-1.8356054632330139,-0.261550489085039,1
2.400156916279219,0.6407299867237045,-0.27025471018945507,0
2.11896082835669,0.2243178116185721,-0.5095762464288988,0
-0.5059316163611011,-0.20807424715588982,-2.3657569315277676,1
-0.03124783263202672,-1.2378035354983203,0.7852435441837299,1
-1.8432107243115152,-1.5680753502903089,3.7105206641519217,1
0.1143717555714682,-2.4236205368016166,0.8827638746073175,1
5.283199070798792,2.6506248625946918,-1.5028282168560783,0
3.908309971132629,3.347484521018396,3.742703025210172,0
2.865910849008077,-0.13363820479897703,0.28063285930736726,0
0.23087323616727676,-2.4769652920222307,-1.1070967057781707,1
-3.355652347070508,0.33994674785321993,0.40225311635460437,1
-0.5690349355208226,0.344987529640279,-0.4151789292674539,1
1.7656004849623554,-1.183091252023008,-0.8973946091021915,0
1.919122648274729,-2.1147035629487347,-1.2492946043239856,0
-0.8514517705290441,-0.9177863672787687,-1.5383780781186114,1
0.9145158089174461,-0.031281378247050365,2.8527537533562093,0
-2.886636874339112,2.589079096800693,1.081655776431625,1
3.8239724241666937,2.0613381815861205,1.1736913735700318,0
0.9133803988976887,-0.5106059525843777,-0.4086135488123956,0
1.4501943327651574,-0.3414286529469778,0.23935718716451906,0
1.8388159347655304,-4.657508781182826,0.5205728851359621,0
2.201386408740689,0.5213560728261999,-0.8764186564710408,0
-3.5831331887747604,-0.19094864741321116,1.542855129665637,1
-4.254653262886102,0.029440842678318733,1.3998917121471177,1
2.1305787222124843,1.2793300490537831,0.6299241565952145,0
0.714630517424846,-1.4737906259064053,-1.1455108255626787,0
1.524993130591906,2.8537259735583422,-0.809608106386006,0
-0.4817383765179576,0.3390473880426092,-0.08123911010825643,1
-1.6911278701259245,0.6498866984930841,-0.3644953293051489,1
-0.8653492665894036,0.3980147720292313,0.5729103080373059,1
-0.0897099425764149,-0.6887180141383785,-1.0334821486519223,1
-2.2813781689420107,0.19672846478009504,-1.3644126006816946,1
-0.3558229933610316,1.1807571927478417,2.5456771396620193,1
1.9042799915398394,0.8874858504740603,-1.7274716281173057,0
-2.3821355101426516,-0.7438000238198019,2.1413218080338727,1
-0.6748577447732643,1.765005230951173,-1.308415241362052,1
0.7580622734298192,-0.6638628716439581,3.660732493446601,0
-1.5065782620287276,-0.7069703157041897,0.9400437924609383,1
-0.5979949203599083,-1.2825304761285463,-0.17245962752567645,1
0.3916602785984353,0.27537398732015406,-0.8768618361140041,0
-2.2818869250580622,-2.779691809328481,-0.4828364768064805,1
2.9596632191538976,4.089835886424818,-0.2504645692429648,0
0.5719916012121814,-1.317050219482631,-0.566066825178099,0
0.9057397750248735,-0.9764831821691256,0.4749176770860375,0
-3.803078539649926,0.13952985609471827,0.6572628752687115,1
0.8959218908612773,0.4946360920721082,-1.090238370443838,0
1.3417619972578427,0.7301294841962648,0.18203637116804353,0
1.3057038363994669,-1.108998748783285,-1.684220572794711,0
0.25278894531125,0.16652042619381377,0.661878266294898,1
-0.883497474041518,-0.15289350591836445,0.23752272571385008,1
-0.4905159787695004,1.5447163403062327,-1.6109090449282848,1
1.695294014320026,0.344970820115704,3.374619235707684,0
-0.18268746116330034,0.7754472281205154,0.1442808250610739,1
0.9172114928499604,-0.2954519406397652,2.211168985993114,0
3.3837819838023213,0.5916920380735212,-0.6340608704114982,0
2.1039819015153935,1.5956903068306847,0.8126554820328958,0
1.664912326043433,-0.6509869055383413,-0.843115716554898,0
1.4999370820087303,0.693146778839818,0.12544163300874098,0
-0.4339228468906112,-3.7236139664743018,-0.3832592591285215,1
2.624062006194898,1.8487914887483632,-0.10509666955169264,0
-1.368679000188185,1.381403588240448,1.5016699643071636,1
3.2749049053791457,-1.5755644558621313,-0.9427013803546207,0
0.04484393732954417,-1.009197560135874,-2.379843737743854,1
-0.75492207427716,0.5049251967494879,0.20067066527829028,1
-0.6330630276097846,-0.4031860671349934,-0.39673646569173643,1
-0.2608431780254335,2.575357044387611,0.6923071278174645,1
0.10646997090236304,-0.9894560375746693,2.4525575765985654,1
0.15075612710181824,1.5073609638751735,1.2373885106737474,1
-0.5824249426675182,-1.5430287330119026,0.5203300017450847,1
1.6140292147866058,-0.8740094490980186,0.6234906110411335,0
3.3086930342896794,1.179282022934021,-0.34399787256087133,0
-1.3663277946837742,3.479326355374013,-2.152279599341849,1
1.930666525884251,-1.0028899824430146,-0.5244876721646834,0
0.05624997912134153,-0.4444880111869092,3.4195260086649912,1
1.6737640006604249,2.702673489293894,1.9030718741998693,0
-2.1563533433279027,-1.498570457219708,0.1955988326831417,1
-1.54152494992541,-1.2807829966539137,1.6674268556044582,1
-0.6825141631323586,-1.0659960726031579,1.1878101189400843,1
-1.3183415517545176,-0.23877975508678595,-0.3967680637360022,1
1.3427589119551782,0.07234517678165568,-0.2879295383258718,0
1.9422342585223926,0.4273774702850416,0.4025880659845095,0
-0.10925157641122049,0.4886164574169223,-2.4101137629814993,1
-1.9795466401675483,-0.9173607144161743,1.1120385023696155,1
1.1998868944690413,1.0850899515781647,0.10176938390836493,0
-0.7284717454844601,-1.173273562595784,-0.07721087247932504,1
-0.04573938870714678,-0.9619940412048593,1.329146509731244,1
-1.0134441801201408,-0.20474431334684615,-0.1365873243589306,1
-0.7915334503134912,1.5878631647852468,-2.4723729295571784,1
-0.8409369174873486,0.2875709459548473,2.081956605031634,1
2.14417447213583,-3.0359800729212862,0.209716971831282,0
1.7780849066396816,1.6561446145792431,-0.9288755707585574,0
-0.6440035914154227,-0.16068405989126294,0.4889943934129199,1
-2.758838472336339,0.2728761318365984,-0.21495673052939646,1
-1.9442985713684147,0.65892608048159,1.0195261011511914,1
-2.5105716389305877,-0.04974526839701223,-1.2637855784044771,1
-1.2169270431698607,1.2632137095474503,-0.7881928412010286,1
1.8073494464853843,3.596856102282419,0.6893378763625712,0
0.33435939852751084,-2.434962579683118,-0.107288809127248,1
-1.3229219098875424,0.17025793453434063,-1.064532290348943,1
-2.8906428927449905,1.2767309379932164,-2.7017622127601943,1
0.49160105395117193,0.9395979743389145,-0.825147152248344,0
-1.0348816194503339,-0.3668992155586069,-0.3112559357495986,1
-0.7795859169552458,0.6080765784583588,2.7399524000047215,1
0.27118776463541167,0.5885866088957511,0.07486050913712619,1
-2.176759657077558,1.5708872516544168,1.8368468297972025,1
-3.2637680723428004,1.8234870987156016,2.0236146361528577,1
-1.194561903782353,-1.165350888495146,2.9506886876754823,1
-1.0034677975760373,-0.9296556251760868,-0.4085313792367479,1
0.3853303940571611,0.38145022007178553,-0.42817286556152284,0
1.7529018059190389,0.9639363399248941,1.6629007545861036,0
0.5555380441208833,1.0703283886660264,-0.18237766347130654,0
0.25898760316353164,0.1265422030930812,-1.6373917873670234,1
-0.2204724562653715,-1.442331599132744,0.7093538612943073,1
-1.3318166600266421,0.7031176564767625,1.8274609151194763,1
0.32660580160439456,-0.7772256811534949,1.7766504912235535,1
0.7611367793104713,2.273481870323316,-0.7771215141300901,0
2.0662617398118526,-0.7293322214260781,1.8688507905221272,0
-0.08508291648777887,-0.8170844453061843,0.6908934862444008,1
-0.3935549084675743,0.6734100022561381,-0.23403391723580927,1
1.8307854192561273,0.30273704458626727,-0.24041646964766347,0
0.40169976538504515,2.2979444833621345,-0.9587612410532524,0
-0.970148238341288,-1.9685106263928571,-0.31875010856862007,1
